<?xml version="1.0" encoding="UTF-8"?>
<torneo>
    <nombre>Copa Davis</nombre>
    <fecha inicio="23-05-20" final="27-06-20"/>
    <partidos>
        <partido fecha="23-05-20" resultado="2-1">
            <jugadores>
                <jugador nombre="Alfonso" apellido="Gutierrez Garcia" edad="31"/>
                <jugador nombre="Alfredo" apellido="Florencio Carrasco" edad="27"/>
            </jugadores>
            <sets>
                <set1>40-15</set1>
                <set2>30-40</set2>
                <set3>40-30</set3>
            </sets>
        

        
        </partido>
        <partido fecha="30-05-20" resultado="3-0">
            <jugadores>
                <jugador nombre="Miguel" apellido="Perez Alvarez" edad="34"/>
                <jugador nombre="Alvaro" apellido="Lopez Moral" edad="29"/>
            </jugadores>
            <sets>
                <set1>40-15</set1>
                <set2>40-0</set2>
                <set3>40-30</set3>
            </sets>
        

        
        </partido>
        <partido fecha="1-06-20" resultado="2-1">
            <jugadores>
                <jugador nombre="David" apellido="Serrano Maestro" edad="35"/>
                <jugador nombre="Pedro" apellido="Combet Jimenez" edad="34"/>
            </jugadores>
            <sets>
                <set1>40-30</set1>
                <set2>30-40</set2>
                <set3>40-15</set3>
            </sets>
        

        
        </partido>
        <partido fecha="3-06-20" resultado="1-2">
            <jugadores>
                <jugador nombre="Francisco" apellido="Villazan Garcia" edad="24"/>
                <jugador nombre="Antonio" apellido="Viñuelas Perales" edad="25"/>
            </jugadores>
            <sets>
                <set1>15-40</set1>
                <set2>30-40</set2>
                <set3>40-30</set3>
            </sets>
        

        
        </partido>
        <partido fecha="10-06-20" resultado="0-3">
            <jugadores>
                <jugador nombre="Matias" apellido="Gutierrez Espinosa" edad="33"/>
                <jugador nombre="Alejandro" apellido="Galan Hernandez" edad="35"/>
            </jugadores>
            <sets>
                <set1>15-40</set1>
                <set2>30-40</set2>
                <set3>0-40</set3>
            </sets>
        

        
        </partido>
        <partido fecha="14-06-20" resultado="2-1">
            <jugadores>
                <jugador nombre="Rafael" apellido="Sanchez Garcia" edad="31"/>
                <jugador nombre="Anastasio" apellido="Madeiro Ruiz" edad="28"/>
            </jugadores>
            <sets>
                <set1>40-15</set1>
                <set2>30-40</set2>
                <set3>40-30</set3>
            </sets>
        

        
        </partido>
        <partido fecha="17-06-20" resultado="2-1">
            <jugadores>
                <jugador nombre="Ana" apellido="Ruiz Serrano" edad="30"/>
                <jugador nombre="Marta" apellido="Ramirez Pozo" edad="27"/>
            </jugadores>
            <sets>
                <set1>40-30</set1>
                <set2>30-40</set2>
                <set3>40-15</set3>
            </sets>
        

        
        </partido>
        <partido fecha="20-06-20" resultado="0-3">
            <jugadores>
                <jugador nombre="William" apellido="Astigarraga Garcia" edad="39"/>
                <jugador nombre="Pablo" apellido="Segura Gaya" edad="38"/>
            </jugadores>
            <sets>
                <set1>15-40</set1>
                <set2>30-40</set2>
                <set3>30-40</set3>
            </sets>
        

        
        </partido>
        <partido fecha="23-06-20" resultado="2-1">
            <jugadores>
                <jugador nombre="Rodrigo" apellido="Jimenez Recio" edad="31"/>
                <jugador nombre="Julian" apellido="Garcia Parrado" edad="27"/>
            </jugadores>
            <sets>
                <set1>40-15</set1>
                <set2>30-40</set2>
                <set3>40-30</set3>
            </sets>
        

        
        </partido>
        <partido fecha="27-06-20" resultado="1-2">
            <jugadores>
                <jugador nombre="Harry" apellido="Benitez Voces" edad="37"/>
                <jugador nombre="Dani" apellido="Mosquera Lopez" edad="35"/>
            </jugadores>
            <sets>
                <set1>40-15</set1>
                <set2>30-40</set2>
                <set3>15-40</set3>
            </sets>
        

        
        </partido>
        
        
    </partidos>







</torneo>