<?xml version="1.0" encoding="UTF-8"?>
<cluster>
    <nodos>
        <nodo nombre="holamundo" ip="326436">
            <maquinas_virtuales>
                <maquina_virtual nombre="Maquinote" sistema_operativo="Windows8">
                    <interfaz ip="453244326" mac="636436346"/>
                    <interfaz ip="23423432" mac="235235235"/>
                </maquina_virtual>
                <maquina_virtual nombre="Servidor" sistema_operativo="Windows Enterprise">
                    <interfaz ip="234235332" mac="423453555"/>
                
                </maquina_virtual>
               <maquina_virtual nombre="Locoo" sistema_operativo="WindowsXP">
                    <interfaz ip="234235332" mac="423453755"/>
                
                </maquina_virtual>


            </maquinas_virtuales>
        </nodo>
        <nodo nombre="holamundo2" ip="366436">
            <maquinas_virtuales>
                <maquina_virtual nombre="yepa" sistema_operativo="Windows7">
                    <interfaz ip="453244326" mac="632436346"/>
                    <interfaz ip="24423432" mac="235255235"/>
                </maquina_virtual>
                <maquina_virtual nombre="olelosvierne" sistema_operativo="Windows 9">
                    <interfaz ip="234235332" mac="423453555"/>
                
                </maquina_virtual>
               <maquina_virtual nombre="Woma" sistema_operativo="Windows10">
                    <interfaz ip="234685332" mac="4234553755"/>
                
                </maquina_virtual>


            </maquinas_virtuales>
        </nodo>
        <nodo nombre="holamundo3" ip="326433">
            <maquinas_virtuales>
                <maquina_virtual nombre="Peppa" sistema_operativo="Linux">
                    <interfaz ip="45444326" mac="636536346"/>
                    <interfaz ip="29323432" mac="205235235"/>
                </maquina_virtual>
                <maquina_virtual nombre="Bomba" sistema_operativo="Windows 8">
                    <interfaz ip="234535332" mac="4234987555"/>
                
                </maquina_virtual>
               <maquina_virtual nombre="Locoplaya" sistema_operativo="WindowsXP">
                    <interfaz ip="265235332" mac="423445755"/>
                
                </maquina_virtual>


            </maquinas_virtuales>
        </nodo>
        <nodo nombre="holamundo4" ip="326436">
            <maquinas_virtuales>
                <maquina_virtual nombre="Maquinote" sistema_operativo="WindowsXp">
                    <interfaz ip="45324443326" mac="63643634346"/>
                    <interfaz ip="23423234432" mac="235235234235"/>
                </maquina_virtual>
                <maquina_virtual nombre="" sistema_operativo="Linux">
                    <interfaz ip="234224335332" mac="423452343555"/>
                
                </maquina_virtual>
               <maquina_virtual nombre="Ñeee" sistema_operativo="Windows9">
                    <interfaz ip="232434235332" mac="423434253755"/>
                
                </maquina_virtual>


            </maquinas_virtuales>
        </nodo>
        <nodo nombre="holamundo5" ip="3245436">
            <maquinas_virtuales>
                <maquina_virtual nombre="Prueba" sistema_operativo="Windows7">
                    <interfaz ip="45324664326" mac="63634436346"/>
                    <interfaz ip="23423642" mac="2656235235"/>
                </maquina_virtual>
                <maquina_virtual nombre="Servidores" sistema_operativo="Windows Enterprise">
                    <interfaz ip="234232345332" mac="42345663555"/>
                
                </maquina_virtual>
               <maquina_virtual nombre="Examen" sistema_operativo="Windows10">
                    <interfaz ip="234235455332" mac="42345344755"/>
                
                </maquina_virtual>


            </maquinas_virtuales>
        </nodo>
    </nodos>
</cluster>