<?xml version="1.0" encoding="UTF-8"?>
<empresa>
    <edificios>
        <edificio direccion="C/Juan Ramon Jimenez" plantas="3">
            <planta numero="1" metros_cuadrados="45">
                <empleado puesto="Desarrolladores" nombre="Jose Alberto Gutierrez" extension_telefonica="457473"/>
                <empleado puesto="Desarrolladores" nombre="Lorenzo Perez Baena" extension_telefonica="4574574"/>
                <empleado puesto="Desarrolladores" nombre="Paula Garcia Baeda" extension_telefonica="45745745"/>
                <empleado puesto="Desarrolladores" nombre="Alfonso Jimenez Recio" extension_telefonica="45747574"/>
                <empleado puesto="Desarrolladores" nombre="Carlos Camacho" extension_telefonica="45744567"/>


            </planta>
            <planta numero="2" metros_cuadrados="45">
                <empleado puesto="Ingenieros" nombre="Driss Rivero" extension_telefonica="456746747"/>
                <empleado puesto="Ingenieros" nombre="Alberto Bellido" extension_telefonica="574674675"/>
                <empleado puesto="Ingenieros" nombre="Vicente Galvez" extension_telefonica="567567567"/>
                <empleado puesto="Ingenieros" nombre="Lluc Romo" extension_telefonica="55767675675"/>
                <empleado puesto="Ingenieros" nombre="Avelino Arce" extension_telefonica="576567576567"/>


            </planta>
            <planta numero="3" metros_cuadrados="45">
                <empleado puesto="Arquitectos" nombre="Jesus Miguel De-Las-Heras" extension_telefonica="546745675"/>
                <empleado puesto="Arquitectos" nombre="Iñigo Jordan" extension_telefonica="57574567"/>
                <empleado puesto="Arquitectos" nombre="Brais Quiroga" extension_telefonica="54747567"/>
                <empleado puesto="Arquitectos" nombre="Marc Hidalgo" extension_telefonica="546745675"/>
                <empleado puesto="Arquitectos" nombre="Jose Domingo Garces" extension_telefonica="45674567456"/>


            </planta>
               

        
        
        </edificio>
        <edificio direccion="C/Camilo Jose Cela" plantas="3">
             <planta numero="1" metros_cuadrados="45">
                <empleado puesto="Desarrolladores" nombre="Jose Alberto Gutierrez" extension_telefonica="457473"/>
                <empleado puesto="Desarrolladores" nombre="Lorenzo Perez Baena" extension_telefonica="4574574"/>
                <empleado puesto="Desarrolladores" nombre="Paula Garcia Baeda" extension_telefonica="45745745"/>
                <empleado puesto="Desarrolladores" nombre="Alfonso Jimenez Recio" extension_telefonica="45747574"/>
                <empleado puesto="Desarrolladores" nombre="Carlos Camacho" extension_telefonica="45744567"/>


            </planta>
            <planta numero="2" metros_cuadrados="45">
                <empleado puesto="Ingenieros" nombre="Driss Rivero" extension_telefonica="456746747"/>
                <empleado puesto="Ingenieros" nombre="Alberto Bellido" extension_telefonica="574674675"/>
                <empleado puesto="Ingenieros" nombre="Vicente Galvez" extension_telefonica="567567567"/>
                <empleado puesto="Ingenieros" nombre="Lluc Romo" extension_telefonica="55767675675"/>
                <empleado puesto="Ingenieros" nombre="Avelino Arce" extension_telefonica="576567576567"/>


            </planta>
            <planta numero="3" metros_cuadrados="45">
                <empleado puesto="Arquitectos" nombre="Jesus Miguel De-Las-Heras" extension_telefonica="546745675"/>
                <empleado puesto="Arquitectos" nombre="Iñigo Jordan" extension_telefonica="57574567"/>
                <empleado puesto="Arquitectos" nombre="Brais Quiroga" extension_telefonica="54747567"/>
                <empleado puesto="Arquitectos" nombre="Marc Hidalgo" extension_telefonica="546745675"/>
                <empleado puesto="Arquitectos" nombre="Jose Domingo Garces" extension_telefonica="45674567456"/>


            </planta>
            
            

        
        
        </edificio>
        <edificio direccion="C/Hermanos Machados" plantas="3">
             <planta numero="1" metros_cuadrados="45">
                <empleado puesto="Desarrolladores" nombre="Jose Alberto Gutierrez" extension_telefonica="457473"/>
                <empleado puesto="Desarrolladores" nombre="Lorenzo Perez Baena" extension_telefonica="4574574"/>
                <empleado puesto="Desarrolladores" nombre="Paula Garcia Baeda" extension_telefonica="45745745"/>
                <empleado puesto="Desarrolladores" nombre="Alfonso Jimenez Recio" extension_telefonica="45747574"/>
                <empleado puesto="Desarrolladores" nombre="Carlos Camacho" extension_telefonica="45744567"/>


            </planta>
            <planta numero="2" metros_cuadrados="45">
                <empleado puesto="Ingenieros" nombre="Driss Rivero" extension_telefonica="456746747"/>
                <empleado puesto="Ingenieros" nombre="Alberto Bellido" extension_telefonica="574674675"/>
                <empleado puesto="Ingenieros" nombre="Vicente Galvez" extension_telefonica="567567567"/>
                <empleado puesto="Ingenieros" nombre="Lluc Romo" extension_telefonica="55767675675"/>
                <empleado puesto="Ingenieros" nombre="Avelino Arce" extension_telefonica="576567576567"/>


            </planta>
            <planta numero="3" metros_cuadrados="45">
                <empleado puesto="Arquitectos" nombre="Jesus Miguel De-Las-Heras" extension_telefonica="546745675"/>
                <empleado puesto="Arquitectos" nombre="Iñigo Jordan" extension_telefonica="57574567"/>
                <empleado puesto="Arquitectos" nombre="Brais Quiroga" extension_telefonica="54747567"/>
                <empleado puesto="Arquitectos" nombre="Marc Hidalgo" extension_telefonica="546745675"/>
                <empleado puesto="Arquitectos" nombre="Jose Domingo Garces" extension_telefonica="45674567456"/>


            </planta>
           



            
               

        
        
        </edificio>
        

    </edificios>






</empresa>